{
  "age_years_mid": 0.9357807294608527,
  "ast_alt_ratio": 0.2967742696215755,
  "log_ggt": 0.26844937745197756,
  "ldl_cholesterol": 0.2145018183310036,
  "hemoglobin": 0.1818984923517803,
  "waist_to_height": 0.15253096972749952,
  "log_ast": 0.12955802085857332,
  "waist_circumference": 0.11736351512535775,
  "tg_hdl_ratio": 0.11367448849737816,
  "pulse_pressure": 0.0915961101599306,
  "log_triglycerides": 0.08846164009734775,
  "sex_code": 0.08667828915923091,
  "wwi": 0.08448096233584393,
  "urine_protein": 0.07665009608389065,
  "serum_creatinine": 0.07632423598688524,
  "non_hdl_cholesterol": 0.06983424499117305,
  "systolic_bp": 0.06344174484535638,
  "smoking_status": 0.05643429601879271,
  "bmi": 0.04050094685605005,
  "total_cholesterol": 0.032378236013669626,
  "diastolic_bp": 0.031631238126692926,
  "log_alt": 0.031141904574992607,
  "alcohol_consumption": 0.030702419533211497,
  "mean_arterial_pressure": 0.026670767451125208,
  "n_lipids_available": 0.02491881983626154,
  "has_complete_lipid_panel": 0.021474833335970375,
  "ldl_hdl_ratio": 0.020849291986163462,
  "hdl_cholesterol": 0.019984095930049437,
  "tc_hdl_ratio": 0.013958580469725524,
  "weight": 0.013611973632827758,
  "height": 0.009465423791779733,
  "missing_serum_creatinine": 1.74736910678041e-07,
  "missing_hemoglobin": 0.0,
  "missing_serum_got_ast": 0.0,
  "missing_serum_gpt_alt": 0.0,
  "missing_gamma_gtp": 0.0,
  "missing_total_cholesterol": 0.0,
  "missing_triglycerides": 0.0,
  "missing_hdl_cholesterol": 0.0,
  "missing_ldl_cholesterol": 0.0
}